{
  "complete_model_data": {
    "ABC": [
      6.8,
      0.3,
      70,
      1.8,
      2.1
    ],
    "YOLOv8n": [
      12.0,
      0.374,
      100,
      3.2,
      3.2
    ],
    "YOLOv8s": [
      43.0,
      0.449,
      70,
      11.2,
      5.8
    ],
    "YOLOv8m": [
      99.0,
      0.5,
      45,
      25.9,
      8.5
    ],
    "YOLOv8l": [
      166.0,
      0.529,
      30,
      43.7,
      12.1
    ],
    "YOLOv8x": [
      234.0,
      0.545,
      25,
      68.2,
      15.3
    ],
    "YOLOv10n": [
      10.8,
      0.39,
      110,
      2.8,
      2.9
    ],
    "YOLOv10s": [
      36.2,
      0.475,
      75,
      9.5,
      5.2
    ],
    "YOLOv10m": [
      82.1,
      0.525,
      50,
      21.5,
      7.8
    ],
    "YOLOv9c": [
      88.0,
      0.52,
      35,
      23.0,
      9.2
    ],
    "YOLOv9e": [
      156.0,
      0.54,
      28,
      41.2,
      11.8
    ],
    "YOLOv9s": [
      32.5,
      0.465,
      80,
      7.8,
      4.5
    ],
    "YOLOv9m": [
      72.3,
      0.51,
      55,
      18.4,
      7.1
    ],
    "YOLOv9l": [
      134.0,
      0.535,
      38,
      34.6,
      10.2
    ],
    "YOLOv9x": [
      198.0,
      0.555,
      22,
      52.8,
      14.1
    ]
  },
  "efficiency_scores": {
    "ABC": 0.8169934640522876,
    "YOLOv8n": 0.3043619791666666,
    "YOLOv8s": 0.011252004811547716,
    "YOLOv8m": 0.0010323539735304442,
    "YOLOv8l": 0.00018080150091448875,
    "YOLOv8x": 5.5801368261836325e-05,
    "YOLOv10n": 0.48918992884510126,
    "YOLOv10s": 0.01992137696557586,
    "YOLOv10m": 0.001906571461566788,
    "YOLOv9c": 0.0009774016153978346,
    "YOLOv9e": 0.00019936456500550625,
    "YOLOv9s": 0.03261012491781723,
    "YOLOv9m": 0.0029697397809189618,
    "YOLOv9l": 0.00042988897741824716,
    "YOLOv9x": 8.283186474675838e-05
  },
  "performance_ranking": [
    "YOLOv9x",
    "YOLOv8x",
    "YOLOv9e",
    "YOLOv9l",
    "YOLOv8l",
    "YOLOv10m",
    "YOLOv9c",
    "YOLOv9m",
    "YOLOv8m",
    "YOLOv10s",
    "YOLOv9s",
    "YOLOv8s",
    "YOLOv10n",
    "YOLOv8n",
    "ABC"
  ],
  "efficiency_ranking": [
    "ABC",
    "YOLOv10n",
    "YOLOv8n",
    "YOLOv9s",
    "YOLOv10s",
    "YOLOv8s",
    "YOLOv9m",
    "YOLOv10m",
    "YOLOv8m",
    "YOLOv9c",
    "YOLOv9l",
    "YOLOv9e",
    "YOLOv8l",
    "YOLOv9x",
    "YOLOv8x"
  ],
  "abc_performance_rank": 15,
  "abc_efficiency_rank": 1
}